{
  "benchmark_mode": "cpu_fair",
  "benchmark_label": "cpu_fair, PINN device=cpu",
  "device": "cpu",
  "case": "soliton",
  "model_path": "models/published/soliton_data_augmented_final.pt",
  "model_metadata_profile": "baseline",
  "model_metadata_data_augmented": true,
  "dataset_path": "data/soliton_ground_truth.npz",
  "grid": {
    "N_tau": 1024,
    "N_xi": 1001,
    "N_z": 1000,
    "xi_max": 5.0,
    "s": 1.0,
    "N_sq": 1.0
  },
  "n_runs_list": [
    1,
    3,
    10,
    30
  ],
  "benchmark_repeats": 3,
  "ssfm_median_times": [
    0.13974459999008104,
    0.5326707000058377,
    1.6056892000051448,
    5.17978239999502
  ],
  "pinn_forward_median_times": [
    1.2042405999964103,
    4.075311199994758,
    13.837331999995513,
    48.04852149999351
  ],
  "pinn_end_to_end_median_times": [
    1.1946683000132907,
    4.858472699997947,
    13.674471000005724,
    48.491225700010546
  ],
  "records": [
    {
      "n_runs": 1,
      "ssfm_samples_sec": [
        0.16707479998876806,
        0.13974459999008104,
        0.1374188000045251
      ],
      "pinn_forward_samples_sec": [
        1.2042405999964103,
        1.2255212000018219,
        1.1777072999975644
      ],
      "pinn_end_to_end_samples_sec": [
        1.1946683000132907,
        1.1813091000076383,
        1.2067966999893542
      ],
      "ssfm_summary": {
        "median": 0.13974459999008104,
        "q1": 0.13858169999730308,
        "q3": 0.15340969998942455,
        "min": 0.1374188000045251,
        "max": 0.16707479998876806,
        "std": 0.016491550930736534
      },
      "pinn_forward_summary": {
        "median": 1.2042405999964103,
        "q1": 1.1909739499969874,
        "q3": 1.214880899999116,
        "min": 1.1777072999975644,
        "max": 1.2255212000018219,
        "std": 0.02395498896902344
      },
      "pinn_end_to_end_summary": {
        "median": 1.1946683000132907,
        "q1": 1.1879887000104645,
        "q3": 1.2007325000013225,
        "min": 1.1813091000076383,
        "max": 1.2067966999893542,
        "std": 0.012748751988582809
      }
    },
    {
      "n_runs": 3,
      "ssfm_samples_sec": [
        0.3857785000000149,
        0.7230366000003414,
        0.5326707000058377
      ],
      "pinn_forward_samples_sec": [
        4.075311199994758,
        4.640545199988992,
        4.0469658999936655
      ],
      "pinn_end_to_end_samples_sec": [
        4.858472699997947,
        5.010831600011443,
        4.278084599995054
      ],
      "ssfm_summary": {
        "median": 0.5326707000058377,
        "q1": 0.4592246000029263,
        "q3": 0.6278536500030896,
        "min": 0.3857785000000149,
        "max": 0.7230366000003414,
        "std": 0.16909539729548045
      },
      "pinn_forward_summary": {
        "median": 4.075311199994758,
        "q1": 4.061138549994212,
        "q3": 4.357928199991875,
        "min": 4.0469658999936655,
        "max": 4.640545199988992,
        "std": 0.3348206774191661
      },
      "pinn_end_to_end_summary": {
        "median": 4.858472699997947,
        "q1": 4.5682786499965005,
        "q3": 4.934652150004695,
        "min": 4.278084599995054,
        "max": 5.010831600011443,
        "std": 0.38664836459659035
      }
    },
    {
      "n_runs": 10,
      "ssfm_samples_sec": [
        1.6056892000051448,
        1.2854566000023624,
        2.0370457000099123
      ],
      "pinn_forward_samples_sec": [
        13.837331999995513,
        13.821258700001636,
        14.699786800003494
      ],
      "pinn_end_to_end_samples_sec": [
        13.674471000005724,
        13.37191200000234,
        14.277088999995613
      ],
      "ssfm_summary": {
        "median": 1.6056892000051448,
        "q1": 1.4455729000037536,
        "q3": 1.8213674500075285,
        "min": 1.2854566000023624,
        "max": 2.0370457000099123,
        "std": 0.37716122181614053
      },
      "pinn_forward_summary": {
        "median": 13.837331999995513,
        "q1": 13.829295349998574,
        "q3": 14.268559399999504,