{
  "adam": [
    {
      "epoch": 1,
      "total": 0.7637120485305786,
      "phys": 0.005538823548704386,
      "ic": 0.05996588617563248,
      "bc": 0.02002008445560932,
      "data": 0.1384943127632141,
      "phys_val": 0.008217301219701767
    },
    {
      "epoch": 100,
      "total": 0.4316939115524292,
      "phys": 0.0005199704901315272,
      "ic": 0.033576034009456635,
      "bc": 0.004295631777495146,
      "data": 0.0911179706454277,
      "phys_val": 0.0004885969683527946
    },
    {
      "epoch": 200,
      "total": 0.11173111945390701,
      "phys": 0.00222871289588511,
      "ic": 0.006789480336010456,
      "bc": 0.0033744939137250185,
      "data": 0.038233108818531036,
      "phys_val": 0.002285944065079093
    },
    {
      "epoch": 300,
      "total": 0.055035706609487534,
      "phys": 0.006013551726937294,
      "ic": 0.00118429830763489,
      "bc": 0.0010935735190287232,
      "data": 0.036085598170757294,